{
    "tx_amount_usd": {
        "mean": 4.38295977,
        "std": 0.93718203
    },
    "tx_count_1h": {
        "mean": 1.21449707,
        "std": 0.94907436
    },
    "tx_count_24h": {
        "mean": 1.2260221,
        "std": 0.97981281
    },
    "tx_volume_1h_usd": {
        "mean": 5.09464075,
        "std": 1.44631628
    },
    "tx_volume_24h_usd": {
        "mean": 5.10677504,
        "std": 1.42805563
    },
    "geo_velocity_kmh": {
        "mean": 0.48793432,
        "std": 1.4648288
    },
    "dist2_km": {
        "mean": 0.25751661,
        "std": 1.13923787
    },
    "amount_x_velocity": {
        "mean": 0.28282824,
        "std": 0.87488517
    },
    "amount_per_tx_1h": {
        "mean": 3.13198395,
        "std": 1.35882911
    },
    "amount_per_tx_24h": {
        "mean": 3.12082219,
        "std": 1.41106774
    },
    "spending_velocity_1h": {
        "mean": 4.06611349,
        "std": 0.84379484
    },
    "card6_debit": {
        "mean": 0.74497578,
        "std": 0.43587483
    },
    "card6_credit": {
        "mean": 0.25228774,
        "std": 0.43432549
    },
    "card6_charge_card": {
        "mean": 2.54e-05,
        "std": 0.00503982
    },
    "card6_debit_or_credit": {
        "mean": 5.08e-05,
        "std": 0.0071273
    },
    "days_since_last_tx": {
        "mean": 2.2911852,
        "std": 2.42332756
    },
    "account_age_days": {
        "mean": 1.18634006,
        "std": 1.59698013
    },
    "hour_of_day_local": {
        "mean": 13.86192299,
        "std": 7.60714518
    },
    "day_of_week": {
        "mean": 2.95794019,
        "std": 2.03397137
    },
    "tx_time_norm": {
        "mean": 0.5984785,
        "std": 0.31745135
    },
    "week_of_period": {
        "mean": 0.50805981,
        "std": 0.29333677
    },
    "risky_hour_flag": {
        "mean": 0.24158567,
        "std": 0.42804443
    },
    "early_morning_high_value": {
        "mean": 0.04503844,
        "std": 0.20738847
    },
    "weekend_high_value": {
        "mean": 0.28276662,
        "std": 0.45034393
    },
    "card1_norm": {
        "mean": 9.02482358,
        "std": 0.66392733
    },
    "card2_norm": {
        "mean": 5.68471592,
        "std": 0.88348638
    },
    "addr1_norm": {
        "mean": 4.98664485,
        "std": 1.79858402
    },
    "addr2_norm": {
        "mean": 77.1427778,
        "std": 27.41281551
    },
    "V258": {
        "mean": 0.29673519,
        "std": 1.09913335
    },
    "V257": {
        "mean": 0.27630135,
        "std": 0.80158822
    },
    "V201": {
        "mean": 0.27443526,
        "std": 0.84809482
    },
    "c5_chargeback": {
        "mean": 0.50106056,
        "std": 0.97182669
    },
    "both_emails_free": {
        "mean": 0.15288719,
        "std": 0.35987872
    },
    "card3_norm": {
        "mean": 152.7660277,
        "std": 13.6973928
    },
    "card4_code": {
        "mean": 0.39308768,
        "std": 0.60530582
    },
    "has_device_info": {
        "mean": 0.2009449,
        "std": 0.40070693
    },
    "card_device_mismatch": {
        "mean": 0.19675213,
        "std": 0.39754336
    },
    "new_account_high_value": {
        "mean": 0.16435466,
        "std": 0.37059709
    }
}