{
  "tx_amount_usd": {
    "mean": 4.38296,
    "std": 0.937182
  },
  "tx_count_1h": {
    "mean": 1.214497,
    "std": 0.949074
  },
  "tx_count_24h": {
    "mean": 1.226022,
    "std": 0.979813
  },
  "tx_volume_1h_usd": {
    "mean": 5.094641,
    "std": 1.446317
  },
  "tx_volume_24h_usd": {
    "mean": 5.106775,
    "std": 1.428056
  },
  "merchant_cat_dev": {
    "mean": 0.0,
    "std": 0.999999
  },
  "geo_velocity_kmh": {
    "mean": 0.487934,
    "std": 1.464829
  },
  "dist2_km": {
    "mean": 0.257517,
    "std": 1.139238
  },
  "card6_code": {
    "mean": 0.263132,
    "std": 0.475576
  },
  "days_since_last_tx": {
    "mean": 2.291185,
    "std": 2.423327
  },
  "account_age_days": {
    "mean": 1.18634,
    "std": 1.59698
  },
  "hour_of_day_local": {
    "mean": 13.861923,
    "std": 7.607145
  },
  "day_of_week": {
    "mean": 2.95794,
    "std": 2.033971
  }
}