{
  "tx_amount_usd": {
    "mean": 98.778179,
    "std": 297.219718
  },
  "tx_count_1h": {
    "mean": 2.102729,
    "std": 1.644223
  },
  "tx_count_24h": {
    "mean": 8.372231,
    "std": 4.054717
  },
  "tx_volume_1h_usd": {
    "mean": 296.893204,
    "std": 539.913276
  },
  "tx_volume_24h_usd": {
    "mean": 3281.246831,
    "std": 9589.399719
  },
  "merchant_cat_dev": {
    "mean": 0.042247,
    "std": 1.061201
  },
  "geo_velocity_kmh": {
    "mean": 18.948625,
    "std": 46.629646
  },
  "days_since_last_tx": {
    "mean": 2.961443,
    "std": 2.995427
  },
  "account_age_days": {
    "mean": 1809.465966,
    "std": 1062.070563
  }
}