{
  "tx_amount_usd": {
    "mean": 4.38295977,
    "std": 0.93718203
  },
  "tx_count_1h": {
    "mean": 1.21449707,
    "std": 0.94907436
  },
  "tx_count_24h": {
    "mean": 1.2260221,
    "std": 0.97981281
  },
  "tx_volume_1h_usd": {
    "mean": 5.09464075,
    "std": 1.44631628
  },
  "tx_volume_24h_usd": {
    "mean": 5.10677504,
    "std": 1.42805563
  },
  "geo_velocity_kmh": {
    "mean": 0.48793432,
    "std": 1.4648288
  },
  "dist2_km": {
    "mean": 0.25751661,
    "std": 1.13923787
  },
  "card6_code": {
    "mean": 0.26313205,
    "std": 0.47557597
  },
  "days_since_last_tx": {
    "mean": 2.2911852,
    "std": 2.42332756
  },
  "account_age_days": {
    "mean": 1.18634006,
    "std": 1.59698013
  },
  "hour_of_day_local": {
    "mean": 13.86192299,
    "std": 7.60714518
  },
  "day_of_week": {
    "mean": 2.95794019,
    "std": 2.03397137
  },
  "prod_W": {
    "mean": 0.74452196,
    "std": 0.43612958
  },
  "prod_H": {
    "mean": 0.0559217,
    "std": 0.22977046
  },
  "prod_C": {
    "mean": 0.1160277,
    "std": 0.32025814
  },
  "prod_S": {
    "mean": 0.01969045,
    "std": 0.1389343
  },
  "prod_R": {
    "mean": 0.06383818,
    "std": 0.24446445
  },
  "card1_norm": {
    "mean": 9.02482358,
    "std": 0.66392733
  },
  "card2_norm": {
    "mean": 5.68471592,
    "std": 0.88348638
  },
  "addr1_norm": {
    "mean": 4.98664485,
    "std": 1.79858402
  },
  "addr2_norm": {
    "mean": 77.1427778,
    "std": 27.41281551
  },
  "V258": {
    "mean": 0.29673519,
    "std": 1.09913335
  },
  "V257": {
    "mean": 0.27630135,
    "std": 0.80158822
  },
  "V201": {
    "mean": 0.27443526,
    "std": 0.84809482
  },
  "M4_flag": {
    "mean": 0.5,
    "std": 1e-08
  },
  "M6_flag": {
    "mean": 0.47076235,
    "std": 0.42124585
  },
  "c5_chargeback": {
    "mean": 0.50106056,
    "std": 0.97182669
  },
  "email_domain_match": {
    "mean": 0.31478985,
    "std": 0.46443213
  },
  "p_email_free": {
    "mean": 0.70665493,
    "std": 0.45529522
  },
  "r_email_free": {
    "mean": 0.17764588,
    "std": 0.38221437
  },
  "card3_norm": {
    "mean": 152.7660277,
    "std": 13.6973928
  },
  "card4_code": {
    "mean": 0.39308768,
    "std": 0.60530582
  }
}