{
  "tx_amount_usd": {
    "mean": 135.027168,
    "std": 239.162317
  },
  "tx_count_1h": {
    "mean": 9.317714,
    "std": 39.615914
  },
  "tx_count_24h": {
    "mean": 15.192341,
    "std": 152.040781
  },
  "tx_volume_1h_usd": {
    "mean": 970.097714,
    "std": 6685.568589
  },
  "tx_volume_24h_usd": {
    "mean": 1374.504067,
    "std": 16045.612934
  },
  "merchant_cat_dev": {
    "mean": 0.0,
    "std": 0.999999
  },
  "geo_velocity_kmh": {
    "mean": 37.430857,
    "std": 236.037326
  },
  "days_since_last_tx": {
    "mean": 81.618934,
    "std": 125.375999
  },
  "account_age_days": {
    "mean": 15.726349,
    "std": 48.557321
  },
  "device_entropy": {
    "mean": 0.411236,
    "std": 0.132605
  },
  "merchant_risk_score": {
    "mean": 0.03499,
    "std": 0.018564
  },
  "refund_velocity_7d": {
    "mean": 0.20795,
    "std": 0.396197
  },
  "velocity_per_merchant": {
    "mean": 1.1e-05,
    "std": 0.000301
  },
  "is_international": {
    "mean": 0.030809,
    "std": 0.1728
  }
}