{"round": 1, "num_clients": 2, "total_samples": 8, "aggregation_weights": [0.36602540378443865, 0.6339745962155613], "saved_at": "2026-06-17T15:40:57.739791+00:00"}