{
  "model": "LightGBM",
  "n_features": 47,
  "n_train": 354324,
  "n_test": 118108,
  "auprc": 0.2510200885753509,
  "auroc": 0.7819192316158122,
  "best_f1": 0.31861118197713195,
  "best_threshold": 0.10825300731808511
}